{"inputUnits":[66],"outputUnits":3,"inputs":{"0":{"dtype":"number","min":-0.1628308892250061,"max":0.4646841585636139},"1":{"dtype":"number","min":-0.8430270999670029,"max":-0.1305524706840515},"2":{"dtype":"number","min":-0.16057655215263367,"max":0.480359822511673},"3":{"dtype":"number","min":-0.8642205968499184,"max":-0.1360187530517578},"4":{"dtype":"number","min":-0.1590355932712555,"max":0.4795936644077301},"5":{"dtype":"number","min":-0.8648375794291496,"max":-0.13708585500717163},"6":{"dtype":"number","min":-0.15753400325775146,"max":0.4789822995662689},"7":{"dtype":"number","min":-0.8655447959899902,"max":-0.13818132877349854},"8":{"dtype":"number","min":-0.16060304641723633,"max":0.4797317087650299},"9":{"dtype":"number","min":-0.8633474633097649,"max":-0.13771873712539673},"10":{"dtype":"number","min":-0.15935754776000977,"max":0.4791348874568939},"11":{"dtype":"number","min":-0.8637868314981461,"max":-0.13937056064605713},"12":{"dtype":"number","min":-0.15798097848892212,"max":0.47843101620674133},"13":{"dtype":"number","min":-0.8641273677349091,"max":-0.14107251167297363},"14":{"dtype":"number","min":-0.143156498670578,"max":0.460072785615921},"15":{"dtype":"number","min":-0.8672276586294174,"max":-0.1469414234161377},"16":{"dtype":"number","min":-0.1428101658821106,"max":0.45978429913520813},"17":{"dtype":"number","min":-0.863382063806057,"max":-0.14560729265213013},"18":{"dtype":"number","min":-0.15174123644828796,"max":0.4379669725894928},"19":{"dtype":"number","min":-0.8281907439231873,"max":-0.13256430625915527},"20":{"dtype":"number","min":-0.15267109870910645,"max":0.4362586438655853},"21":{"dtype":"number","min":-0.8279892355203629,"max":-0.13254541158676147},"22":{"dtype":"number","min":-0.10815432667732239,"max":0.32170435786247253},"23":{"dtype":"number","min":-0.7674493491649628,"max":-0.13443422317504883},"24":{"dtype":"number","min":-0.11247187852859497,"max":0.33990588784217834},"25":{"dtype":"number","min":-0.7755391299724579,"max":-0.1219930648803711},"26":{"dtype":"number","min":-0.1222502589225769,"max":0.33502164483070374},"27":{"dtype":"number","min":-0.6018922924995422,"max":-0.0573001503944397},"28":{"dtype":"number","min":-0.13607949018478394,"max":0.325717031955719},"29":{"dtype":"number","min":-0.6327748894691467,"max":-0.05962103605270386},"30":{"dtype":"number","min":-0.1800449788570404,"max":0.40008774399757385},"31":{"dtype":"number","min":-0.5084441602230072,"max":0.029833734035491943},"32":{"dtype":"number","min":-0.17465147376060486,"max":0.40357714891433716},"33":{"dtype":"number","min":-0.5399135649204254,"max":0.017104387283325195},"34":{"dtype":"number","min":-0.19366836547851562,"max":0.42456844449043274},"35":{"dtype":"number","min":-0.48264431953430176,"max":0.05293130874633789},"36":{"dtype":"number","min":-0.19053959846496582,"max":0.422405481338501},"37":{"dtype":"number","min":-0.510523110628128,"max":0.045461833477020264},"38":{"dtype":"number","min":-0.19690269231796265,"max":0.4294823706150055},"39":{"dtype":"number","min":-0.48948293924331665,"max":0.04546523094177246},"40":{"dtype":"number","min":-0.19391417503356934,"max":0.43847769498825073},"41":{"dtype":"number","min":-0.5226090848445892,"max":0.04950922727584839},"42":{"dtype":"number","min":-0.19070196151733398,"max":0.4182575047016144},"43":{"dtype":"number","min":-0.4970146715641022,"max":0.03744244575500488},"44":{"dtype":"number","min":-0.18681186437606812,"max":0.4248686134815216},"45":{"dtype":"number","min":-0.5320648849010468,"max":0.03825181722640991},"46":{"dtype":"number","min":-0.10514271259307861,"max":0.10832923650741577},"47":{"dtype":"number","min":-0.4795728325843811,"max":-0.03268146514892578},"48":{"dtype":"number","min":-0.13766345381736755,"max":0.09873759746551514},"49":{"dtype":"number","min":-0.47078755497932434,"max":-0.051741719245910645},"50":{"dtype":"number","min":-0.09331440925598145,"max":0.2164505422115326},"51":{"dtype":"number","min":-0.29113322496414185,"max":-0.04260599613189697},"52":{"dtype":"number","min":-0.07613641023635864,"max":0.20916864275932312},"53":{"dtype":"number","min":-0.26090556383132935,"max":-0.058220088481903076},"54":{"dtype":"number","min":-0.10356202721595764,"max":0.09445914626121521},"55":{"dtype":"number","min":-0.1571493148803711,"max":0.07767808437347412},"56":{"dtype":"number","min":-0.027122080326080322,"max":0.05730113387107849},"57":{"dtype":"number","min":-0.04712420701980591,"max":0.003002762794494629},"58":{"dtype":"number","min":-0.09466978907585144,"max":0.08397847414016724},"59":{"dtype":"number","min":-0.1355697512626648,"max":0.10804969072341919},"60":{"dtype":"number","min":0,"max":0},"61":{"dtype":"number","min":0,"max":0},"62":{"dtype":"number","min":-0.13983285427093506,"max":0.1485704481601715},"63":{"dtype":"number","min":-0.10010522603988647,"max":0.13791978359222412},"64":{"dtype":"number","min":-0.06549304723739624,"max":0.13724932074546814},"65":{"dtype":"number","min":-0.0433010458946228,"max":0.07231003046035767}},"outputs":{"0":{"dtype":"string","min":0,"max":1,"uniqueValues":["2","1","3"],"legend":{"1":[0,1,0],"2":[1,0,0],"3":[0,0,1]}}},"isNormalized":false}