{"inputUnits":[66],"outputUnits":4,"inputs":{"0":{"dtype":"number","min":-0.055212587118148804,"max":0.11194401979446411},"1":{"dtype":"number","min":-0.5967444106936455,"max":0},"2":{"dtype":"number","min":-0.06180199980735779,"max":0.12125945091247559},"3":{"dtype":"number","min":-0.6140893325209618,"max":0},"4":{"dtype":"number","min":-0.06210997700691223,"max":0.12038934230804443},"5":{"dtype":"number","min":-0.6156154721975327,"max":0},"6":{"dtype":"number","min":-0.06251645088195801,"max":0.11977654695510864},"7":{"dtype":"number","min":-0.6172822639346123,"max":0},"8":{"dtype":"number","min":-0.06049886345863342,"max":0.11897510290145874},"9":{"dtype":"number","min":-0.6095292493700981,"max":0},"10":{"dtype":"number","min":-0.07184365391731262,"max":0.11715942621231079},"11":{"dtype":"number","min":-0.6079159453511238,"max":0},"12":{"dtype":"number","min":-0.06307223439216614,"max":0.1166837215423584},"13":{"dtype":"number","min":-0.6060912758111954,"max":0},"14":{"dtype":"number","min":-0.05678972601890564,"max":0.10522395372390747},"15":{"dtype":"number","min":-0.6040214225649834,"max":0},"16":{"dtype":"number","min":-0.0731998085975647,"max":0.10630881786346436},"17":{"dtype":"number","min":-0.5929569602012634,"max":0},"18":{"dtype":"number","min":-0.04560026526451111,"max":0.09677594900131226},"19":{"dtype":"number","min":-0.5763650387525558,"max":0},"20":{"dtype":"number","min":-0.0626249611377716,"max":0.09771806001663208},"21":{"dtype":"number","min":-0.5715081691741943,"max":0},"22":{"dtype":"number","min":-0.09829962253570557,"max":0.10233879089355469},"23":{"dtype":"number","min":-0.4835754930973053,"max":0},"24":{"dtype":"number","min":-0.1123259961605072,"max":0.10243883728981018},"25":{"dtype":"number","min":-0.4797487109899521,"max":0.017596006393432617},"26":{"dtype":"number","min":-0.07594668865203857,"max":0.05802351236343384},"27":{"dtype":"number","min":-0.2874643802642822,"max":0.002357304096221924},"28":{"dtype":"number","min":-0.11251974105834961,"max":0.12121060490608215},"29":{"dtype":"number","min":-0.32383450865745544,"max":0.04878851771354675},"30":{"dtype":"number","min":0,"max":0},"31":{"dtype":"number","min":0,"max":0},"32":{"dtype":"number","min":-0.10422149300575256,"max":0.11002019047737122},"33":{"dtype":"number","min":-0.18643242120742798,"max":0.14075952768325806},"34":{"dtype":"number","min":-0.016575902700424194,"max":0.029444217681884766},"35":{"dtype":"number","min":-0.005645632743835449,"max":0.05719125270843506},"36":{"dtype":"number","min":-0.1080518364906311,"max":0.10878494381904602},"37":{"dtype":"number","min":-0.14539498090744019,"max":0.16937768459320068},"38":{"dtype":"number","min":-0.02556779980659485,"max":0.049851179122924805},"39":{"dtype":"number","min":-0.054871320724487305,"max":0.07135498523712158},"40":{"dtype":"number","min":-0.10120788216590881,"max":0.1098029613494873},"41":{"dtype":"number","min":-0.1454795002937317,"max":0.1634417176246643},"42":{"dtype":"number","min":-0.021730154752731323,"max":0.025294840335845947},"43":{"dtype":"number","min":-0.048947036266326904,"max":0.05405688285827637},"44":{"dtype":"number","min":-0.09651032090187073,"max":0.10600075125694275},"45":{"dtype":"number","min":-0.15845531225204468,"max":0.1550605297088623},"46":{"dtype":"number","min":-0.3950033485889435,"max":0.2293809950351715},"47":{"dtype":"number","min":-0.3915560841560364,"max":0.1263081133365631},"48":{"dtype":"number","min":-0.4171498715877533,"max":0.2156084179878235},"49":{"dtype":"number","min":-0.39488983154296875,"max":0.1261449158191681},"50":{"dtype":"number","min":-0.2551121711730957,"max":0.18608394265174866},"51":{"dtype":"number","min":-0.2087520956993103,"max":0.2877333462238312},"52":{"dtype":"number","min":-0.3015630841255188,"max":0.18068715929985046},"53":{"dtype":"number","min":-0.21437698602676392,"max":0.28256532549858093},"54":{"dtype":"number","min":-0.3498927652835846,"max":0.1869460642337799},"55":{"dtype":"number","min":-0.03470730781555176,"max":0.46313783526420593},"56":{"dtype":"number","min":-0.35061395168304443,"max":0.17167380452156067},"57":{"dtype":"number","min":-0.056719958782196045,"max":0.4758963882923126},"58":{"dtype":"number","min":-0.3901270925998688,"max":0.19933316111564636},"59":{"dtype":"number","min":-0.003067195415496826,"max":0.49088695645332336},"60":{"dtype":"number","min":-0.40008774399757385,"max":0.1800449788570404},"61":{"dtype":"number","min":-0.029833734035491943,"max":0.5084441602230072},"62":{"dtype":"number","min":-0.28944364190101624,"max":0.13842591643333435},"63":{"dtype":"number","min":0,"max":0.5041068494319916},"64":{"dtype":"number","min":-0.2667475938796997,"max":0.12913253903388977},"65":{"dtype":"number","min":-0.02080535888671875,"max":0.5479820072650909}},"outputs":{"0":{"dtype":"string","min":0,"max":1,"uniqueValues":["2","1","3",""],"legend":{"1":[0,1,0,0],"2":[1,0,0,0],"3":[0,0,1,0],"":[0,0,0,1]}}},"isNormalized":false}